<application>
  <component name="MaterialThemeNewConfig">
    <option name="accentState">
      <MTAccentConfigState>
        <option name="accentColorHex" value="74a0f1" />
      </MTAccentConfigState>
    </option>
    <option name="metadata">
      <MTMetadataState>
        <option name="userId" value="57826297:1938f012d8a:-8000" />
        <option name="version" value="9.7.0" />
      </MTMetadataState>
    </option>
    <option name="themeState">
      <MTThemeConfigState>
        <option name="selectedThemeName" value="MOONLIGHT" />
      </MTThemeConfigState>
    </option>
  </component>
</application>