<application>
  <component name="DimensionService">
    <size key="GridCell.Tab.0.left.0.0.2560.1080" width="1362" height="288" />
    <size key="GridCell.Tab.0.center.0.0.2560.1080" width="1362" height="288" />
    <size key="GridCell.Tab.0.right.0.0.2560.1080" width="1362" height="288" />
    <size key="GridCell.Tab.0.bottom.0.0.2560.1080" width="1362" height="288" />
    <size key="GridCell.Tab.0.left.0.0.2880.1800@192dpi" width="1276" height="452" />
    <size key="GridCell.Tab.0.center.0.0.2880.1800@192dpi" width="1276" height="452" />
    <size key="GridCell.Tab.0.right.0.0.2880.1800@192dpi" width="1276" height="452" />
    <size key="GridCell.Tab.0.bottom.0.0.2880.1800@192dpi" width="1276" height="452" />
  </component>
  <component name="WindowManager">
    <frame x="720" y="25" width="720" height="822" />
  </component>
</application>